attIdx	shapeIdx	attMs	attSamples	shapeSlider	overshoot	correction_mult
0	0	0.0460	2.21	0.0000	0.00000000e+00	4.54908030e-01
0	1	0.0460	2.21	0.0323	0.00000000e+00	4.59677049e-01
0	2	0.0460	2.21	0.0645	0.00000000e+00	4.64511056e-01
0	3	0.0460	2.21	0.0968	0.00000000e+00	4.69410877e-01
0	4	0.0460	2.21	0.1290	0.00000000e+00	4.74377348e-01
0	5	0.0460	2.21	0.1613	0.00000000e+00	4.79411316e-01
0	6	0.0460	2.21	0.1935	0.00000000e+00	4.84513642e-01
0	7	0.0460	2.21	0.2258	0.00000000e+00	4.89678930e-01
0	8	0.0460	2.21	0.2581	0.00000000e+00	4.94797457e-01
0	9	0.0460	2.21	0.2903	0.00000000e+00	4.99983793e-01
0	10	0.0460	2.21	0.3226	0.00000000e+00	5.05238772e-01
0	11	0.0460	2.21	0.3548	0.00000000e+00	5.10563244e-01
0	12	0.0460	2.21	0.3871	0.00000000e+00	5.15958066e-01
0	13	0.0460	2.21	0.4194	0.00000000e+00	5.21424109e-01
0	14	0.0460	2.21	0.4516	0.00000000e+00	5.45909360e-01
0	15	0.0460	2.21	0.4839	0.00000000e+00	5.49866759e-01
0	16	0.0460	2.21	0.5161	7.71913328e-02	5.14409198e-01
0	17	0.0460	2.21	0.5484	7.33429363e-02	5.25253692e-01
0	18	0.0460	2.21	0.5806	6.95035855e-02	5.36237226e-01
0	19	0.0460	2.21	0.6129	6.56733670e-02	5.47469308e-01
0	20	0.0460	2.21	0.6452	6.18646639e-02	5.58936203e-01
0	21	0.0460	2.21	0.6774	5.83362378e-02	5.70223961e-01
0	22	0.0460	2.21	0.7097	5.48164770e-02	5.81756730e-01
0	23	0.0460	2.21	0.7419	5.13054543e-02	5.93539832e-01
0	24	0.0460	2.21	0.7742	4.78032408e-02	6.05410292e-01
0	25	0.0460	2.21	0.8065	4.43099057e-02	6.17490606e-01
0	26	0.0460	2.21	0.8387	4.08255167e-02	4.41578514e-01
0	27	0.0460	2.21	0.8710	0.00000000e+00	5.03431654e-01
0	28	0.0460	2.21	0.9032	0.00000000e+00	5.08823569e-01
0	29	0.0460	2.21	0.9355	0.00000000e+00	5.14284121e-01
0	30	0.0460	2.21	0.9677	0.00000000e+00	5.19755956e-01
0	31	0.0460	2.21	1.0000	0.00000000e+00	5.25207225e-01
1	0	0.0509	2.44	0.0000	0.00000000e+00	5.30725834e-01
1	1	0.0509	2.44	0.0323	0.00000000e+00	5.36312557e-01
1	2	0.0509	2.44	0.0645	0.00000000e+00	5.41968177e-01
1	3	0.0509	2.44	0.0968	0.00000000e+00	5.47693486e-01
1	4	0.0509	2.44	0.1290	0.00000000e+00	5.75960389e-01
1	5	0.0509	2.44	0.1613	0.00000000e+00	5.80138522e-01
1	6	0.0509	2.44	0.1935	0.00000000e+00	5.84356213e-01
1	7	0.0509	2.44	0.2258	0.00000000e+00	5.88613770e-01
1	8	0.0509	2.44	0.2581	0.00000000e+00	5.92911503e-01
1	9	0.0509	2.44	0.2903	0.00000000e+00	5.97249724e-01
1	10	0.0509	2.44	0.3226	0.00000000e+00	6.01628750e-01
1	11	0.0509	2.44	0.3548	0.00000000e+00	6.06048899e-01
1	12	0.0509	2.44	0.3871	0.00000000e+00	6.10510490e-01
1	13	0.0509	2.44	0.4194	0.00000000e+00	6.15013849e-01
1	14	0.0509	2.44	0.4516	0.00000000e+00	6.19559300e-01
1	15	0.0509	2.44	0.4839	0.00000000e+00	6.24147173e-01
1	16	0.0509	2.44	0.5161	9.73780192e-02	5.58658532e-01
1	17	0.0509	2.44	0.5484	9.36743368e-02	5.69857291e-01
1	18	0.0509	2.44	0.5806	8.99776302e-02	5.81077858e-01
1	19	0.0509	2.44	0.6129	8.62880122e-02	4.18550081e-01
1	20	0.0509	2.44	0.6452	8.26055933e-02	4.27443945e-01
1	21	0.0509	2.44	0.6774	7.89304819e-02	4.36540881e-01
1	22	0.0509	2.44	0.7097	7.52627843e-02	4.45845566e-01
1	23	0.0509	2.44	0.7419	7.16026045e-02	4.55241863e-01
1	24	0.0509	2.44	0.7742	6.79500446e-02	4.64759541e-01
1	25	0.0509	2.44	0.8065	6.46125037e-02	4.73942010e-01
1	26	0.0509	2.44	0.8387	6.27444282e-02	4.80662218e-01
1	27	0.0509	2.44	0.8710	6.08695807e-02	4.87501142e-01
1	28	0.0509	2.44	0.9032	5.89881022e-02	4.94460879e-01
1	29	0.0509	2.44	0.9355	5.71001329e-02	5.01543564e-01
1	30	0.0509	2.44	0.9677	5.52058125e-02	5.08751367e-01
1	31	0.0509	2.44	1.0000	5.33052799e-02	5.16086500e-01
2	0	0.0564	2.71	0.0000	0.00000000e+00	6.39777359e-01
2	1	0.0564	2.71	0.0323	0.00000000e+00	6.44350533e-01
2	2	0.0564	2.71	0.0645	0.00000000e+00	6.48962275e-01
2	3	0.0564	2.71	0.0968	0.00000000e+00	6.53612845e-01
2	4	0.0564	2.71	0.1290	0.00000000e+00	6.58302503e-01
2	5	0.0564	2.71	0.1613	0.00000000e+00	6.63031513e-01
2	6	0.0564	2.71	0.1935	0.00000000e+00	6.67800138e-01
2	7	0.0564	2.71	0.2258	0.00000000e+00	4.77651697e-01
2	8	0.0564	2.71	0.2581	0.00000000e+00	4.81670012e-01
2	9	0.0564	2.71	0.2903	0.00000000e+00	4.85728579e-01
2	10	0.0564	2.71	0.3226	0.00000000e+00	4.89827778e-01
2	11	0.0564	2.71	0.3548	0.00000000e+00	4.93967989e-01
2	12	0.0564	2.71	0.3871	0.00000000e+00	4.98149599e-01
2	13	0.0564	2.71	0.4194	0.00000000e+00	5.02372995e-01
2	14	0.0564	2.71	0.4516	0.00000000e+00	5.06638571e-01
2	15	0.0564	2.71	0.4839	0.00000000e+00	5.10946721e-01
2	16	0.0564	2.71	0.5161	0.00000000e+00	6.20878664e-01
2	17	0.0564	2.71	0.5484	0.00000000e+00	6.24771705e-01
2	18	0.0564	2.71	0.5806	0.00000000e+00	6.28699023e-01
2	19	0.0564	2.71	0.6129	0.00000000e+00	6.32660858e-01
2	20	0.0564	2.71	0.6452	0.00000000e+00	6.36657449e-01
2	21	0.0564	2.71	0.6774	0.00000000e+00	6.40689040e-01
2	22	0.0564	2.71	0.7097	0.00000000e+00	6.44755874e-01
2	23	0.0564	2.71	0.7419	0.00000000e+00	6.48836248e-01
2	24	0.0564	2.71	0.7742	0.00000000e+00	6.52021179e-01
2	25	0.0564	2.71	0.8065	0.00000000e+00	6.55276600e-01
2	26	0.0564	2.71	0.8387	0.00000000e+00	6.58600579e-01
2	27	0.0564	2.71	0.8710	0.00000000e+00	6.61991408e-01
2	28	0.0564	2.71	0.9032	0.00000000e+00	6.65447577e-01
2	29	0.0564	2.71	0.9355	0.00000000e+00	6.68967752e-01
2	30	0.0564	2.71	0.9677	0.00000000e+00	6.72550747e-01
2	31	0.0564	2.71	1.0000	0.00000000e+00	6.76195512e-01
3	0	0.0624	3.00	0.0000	0.00000000e+00	4.57316561e-01
3	1	0.0624	3.00	0.0323	0.00000000e+00	4.63176625e-01
3	2	0.0624	3.00	0.0645	0.00000000e+00	4.69128351e-01
3	3	0.0624	3.00	0.0968	0.00000000e+00	4.75173108e-01
3	4	0.0624	3.00	0.1290	0.00000000e+00	4.81227968e-01
3	5	0.0624	3.00	0.1613	0.00000000e+00	4.87327093e-01
3	6	0.0624	3.00	0.1935	0.00000000e+00	4.93338974e-01
3	7	0.0624	3.00	0.2258	0.00000000e+00	4.99369297e-01
3	8	0.0624	3.00	0.2581	0.00000000e+00	5.05487824e-01
3	9	0.0624	3.00	0.2903	0.00000000e+00	3.99502621e-01
3	10	0.0624	3.00	0.3226	0.00000000e+00	4.05028924e-01
3	11	0.0624	3.00	0.3548	0.00000000e+00	4.10642990e-01
3	12	0.0624	3.00	0.3871	0.00000000e+00	4.16346172e-01
3	13	0.0624	3.00	0.4194	0.00000000e+00	4.22139841e-01
3	14	0.0624	3.00	0.4516	0.00000000e+00	4.28025390e-01
3	15	0.0624	3.00	0.4839	0.00000000e+00	4.34004229e-01
3	16	0.0624	3.00	0.5161	1.07764980e-01	4.36092941e-01
3	17	0.0624	3.00	0.5484	1.04000187e-01	4.44868967e-01
3	18	0.0624	3.00	0.5806	1.00245709e-01	4.53810625e-01
3	19	0.0624	3.00	0.6129	9.65016214e-02	4.62811965e-01
3	20	0.0624	3.00	0.6452	9.27679954e-02	4.71846904e-01
3	21	0.0624	3.00	0.6774	8.90968634e-02	4.81005365e-01
3	22	0.0624	3.00	0.7097	8.56632488e-02	4.90049953e-01
3	23	0.0624	3.00	0.7419	8.22394688e-02	3.96669056e-01
3	24	0.0624	3.00	0.7742	7.88255850e-02	4.04532791e-01
3	25	0.0624	3.00	0.8065	7.54216575e-02	4.12563801e-01
3	26	0.0624	3.00	0.8387	7.20277448e-02	4.20647231e-01
3	27	0.0624	3.00	0.8710	6.86439038e-02	4.28899544e-01
3	28	0.0624	3.00	0.9032	6.52701903e-02	4.37324552e-01
3	29	0.0624	3.00	0.9355	6.19066582e-02	4.45925806e-01
3	30	0.0624	3.00	0.9677	0.00000000e+00	5.39348950e-01
3	31	0.0624	3.00	1.0000	0.00000000e+00	5.44788127e-01
4	0	0.0691	3.32	0.0000	0.00000000e+00	5.50294128e-01
4	1	0.0691	3.32	0.0323	0.00000000e+00	5.55867680e-01
4	2	0.0691	3.32	0.0645	0.00000000e+00	5.61386664e-01
4	3	0.0691	3.32	0.0968	0.00000000e+00	5.66909809e-01
4	4	0.0691	3.32	0.1290	0.00000000e+00	5.72497874e-01
4	5	0.0691	3.32	0.1613	0.00000000e+00	5.78151515e-01
4	6	0.0691	3.32	0.1935	0.00000000e+00	5.83871393e-01
4	7	0.0691	3.32	0.2258	0.00000000e+00	5.89658173e-01
4	8	0.0691	3.32	0.2581	0.00000000e+00	5.95512528e-01
4	9	0.0691	3.32	0.2903	0.00000000e+00	6.01435135e-01
4	10	0.0691	3.32	0.3226	0.00000000e+00	6.07426680e-01
4	11	0.0691	3.32	0.3548	0.00000000e+00	6.13487850e-01
4	12	0.0691	3.32	0.3871	0.00000000e+00	6.19619343e-01
4	13	0.0691	3.32	0.4194	0.00000000e+00	6.25657392e-01
4	14	0.0691	3.32	0.4516	0.00000000e+00	6.31746414e-01
4	15	0.0691	3.32	0.4839	0.00000000e+00	6.37903697e-01
4	16	0.0691	3.32	0.5161	8.45714988e-02	4.33804586e-01
4	17	0.0691	3.32	0.5484	8.12430561e-02	4.42380776e-01
4	18	0.0691	3.32	0.5806	7.79268900e-02	4.51130844e-01
4	19	0.0691	3.32	0.6129	7.46230418e-02	4.60058121e-01
4	20	0.0691	3.32	0.6452	7.13315509e-02	4.69165992e-01
4	21	0.0691	3.32	0.6774	6.80524555e-02	4.78457897e-01
4	22	0.0691	3.32	0.7097	7.73007295e-02	4.71129101e-01
4	23	0.0691	3.32	0.7419	7.44677740e-02	4.79798032e-01
4	24	0.0691	3.32	0.7742	7.16380298e-02	4.88305449e-01
4	25	0.0691	3.32	0.8065	6.88116908e-02	4.96973741e-01
4	26	0.0691	3.32	0.8387	6.59889474e-02	5.05805685e-01
4	27	0.0691	3.32	0.8710	6.31699865e-02	5.14804095e-01
4	28	0.0691	3.32	0.9032	6.03549920e-02	5.23971824e-01
4	29	0.0691	3.32	0.9355	0.00000000e+00	6.30778202e-01
4	30	0.0691	3.32	0.9677	0.00000000e+00	6.36934280e-01
4	31	0.0691	3.32	1.0000	0.00000000e+00	6.28405631e-01
5	0	0.0765	3.67	0.0000	0.00000000e+00	6.34315857e-01
5	1	0.0765	3.67	0.0323	0.00000000e+00	6.40289364e-01
5	2	0.0765	3.67	0.0645	0.00000000e+00	6.46326593e-01
5	3	0.0765	3.67	0.0968	0.00000000e+00	6.52427984e-01
5	4	0.0765	3.67	0.1290	0.00000000e+00	6.58593973e-01
5	5	0.0765	3.67	0.1613	0.00000000e+00	6.64824996e-01
5	6	0.0765	3.67	0.1935	0.00000000e+00	6.71121486e-01
5	7	0.0765	3.67	0.2258	0.00000000e+00	6.77483874e-01
5	8	0.0765	3.67	0.2581	0.00000000e+00	6.83912589e-01
5	9	0.0765	3.67	0.2903	0.00000000e+00	6.90408058e-01
5	10	0.0765	3.67	0.3226	0.00000000e+00	6.96970705e-01
5	11	0.0765	3.67	0.3548	0.00000000e+00	7.03600953e-01
5	12	0.0765	3.67	0.3871	0.00000000e+00	5.78031121e-01
5	13	0.0765	3.67	0.4194	0.00000000e+00	5.84272768e-01
5	14	0.0765	3.67	0.4516	0.00000000e+00	5.90587467e-01
5	15	0.0765	3.67	0.4839	0.00000000e+00	5.96919804e-01
5	16	0.0765	3.67	0.5161	0.00000000e+00	6.15719111e-01
5	17	0.0765	3.67	0.5484	0.00000000e+00	6.20892428e-01
5	18	0.0765	3.67	0.5806	0.00000000e+00	6.26143174e-01
5	19	0.0765	3.67	0.6129	0.00000000e+00	6.31471158e-01
5	20	0.0765	3.67	0.6452	0.00000000e+00	6.36876243e-01
5	21	0.0765	3.67	0.6774	0.00000000e+00	6.42358340e-01
5	22	0.0765	3.67	0.7097	0.00000000e+00	6.47917402e-01
5	23	0.0765	3.67	0.7419	0.00000000e+00	6.53553421e-01
5	24	0.0765	3.67	0.7742	0.00000000e+00	6.59266425e-01
5	25	0.0765	3.67	0.8065	0.00000000e+00	6.65056475e-01
5	26	0.0765	3.67	0.8387	0.00000000e+00	6.70821689e-01
5	27	0.0765	3.67	0.8710	0.00000000e+00	5.85962936e-01
5	28	0.0765	3.67	0.9032	0.00000000e+00	5.94149902e-01
5	29	0.0765	3.67	0.9355	0.00000000e+00	6.02471017e-01
5	30	0.0765	3.67	0.9677	0.00000000e+00	6.10928969e-01
5	31	0.0765	3.67	1.0000	0.00000000e+00	5.18529544e-01
6	0	0.0848	4.07	0.0000	0.00000000e+00	5.25988903e-01
6	1	0.0848	4.07	0.0323	0.00000000e+00	5.33582317e-01
6	2	0.0848	4.07	0.0645	0.00000000e+00	5.50062284e-01
6	3	0.0848	4.07	0.0968	0.00000000e+00	5.56383979e-01
6	4	0.0848	4.07	0.1290	0.00000000e+00	5.62739637e-01
6	5	0.0848	4.07	0.1613	0.00000000e+00	5.69193412e-01
6	6	0.0848	4.07	0.1935	0.00000000e+00	5.75746597e-01
6	7	0.0848	4.07	0.2258	0.00000000e+00	5.82400502e-01
6	8	0.0848	4.07	0.2581	0.00000000e+00	5.89156462e-01
6	9	0.0848	4.07	0.2903	0.00000000e+00	5.95958339e-01
6	10	0.0848	4.07	0.3226	0.00000000e+00	6.02111121e-01
6	11	0.0848	4.07	0.3548	0.00000000e+00	6.07865086e-01
6	12	0.0848	4.07	0.3871	0.00000000e+00	6.13738325e-01
6	13	0.0848	4.07	0.4194	0.00000000e+00	6.19730589e-01
6	14	0.0848	4.07	0.4516	0.00000000e+00	5.99695122e-01
6	15	0.0848	4.07	0.4839	0.00000000e+00	6.05173973e-01
6	16	0.0848	4.07	0.5161	1.01908754e-01	5.19000550e-01
6	17	0.0848	4.07	0.5484	9.91941992e-02	5.26841410e-01
6	18	0.0848	4.07	0.5806	9.64659112e-02	5.34859475e-01
6	19	0.0848	4.07	0.6129	9.37246172e-02	5.43057852e-01
6	20	0.0848	4.07	0.6452	9.10766165e-02	5.51181885e-01
6	21	0.0848	4.07	0.6774	8.85739690e-02	5.59020124e-01
6	22	0.0848	4.07	0.7097	8.60610325e-02	5.67021081e-01
6	23	0.0848	4.07	0.7419	8.35383669e-02	4.78013854e-01
6	24	0.0848	4.07	0.7742	8.10065103e-02	4.85491139e-01
6	25	0.0848	4.07	0.8065	7.84659811e-02	4.93126863e-01
6	26	0.0848	4.07	0.8387	7.59172785e-02	5.00923911e-01
6	27	0.0848	4.07	0.8710	7.33608840e-02	5.12395988e-01
6	28	0.0848	4.07	0.9032	7.07972628e-02	5.20266459e-01
6	29	0.0848	4.07	0.9355	0.00000000e+00	6.43826628e-01
6	30	0.0848	4.07	0.9677	0.00000000e+00	6.48767607e-01
6	31	0.0848	4.07	1.0000	0.00000000e+00	6.53761042e-01
7	0	0.0938	4.50	0.0000	0.00000000e+00	6.58813707e-01
7	1	0.0938	4.50	0.0323	0.00000000e+00	6.63926076e-01
7	2	0.0938	4.50	0.0645	0.00000000e+00	6.69098625e-01
7	3	0.0938	4.50	0.0968	0.00000000e+00	6.74331838e-01
7	4	0.0938	4.50	0.1290	0.00000000e+00	6.79626200e-01
7	5	0.0938	4.50	0.1613	0.00000000e+00	6.84982205e-01
7	6	0.0938	4.50	0.1935	0.00000000e+00	6.90232196e-01
7	7	0.0938	4.50	0.2258	0.00000000e+00	6.95504406e-01
7	8	0.0938	4.50	0.2581	0.00000000e+00	5.98841190e-01
7	9	0.0938	4.50	0.2903	0.00000000e+00	6.04084072e-01
7	10	0.0938	4.50	0.3226	0.00000000e+00	6.09389272e-01
7	11	0.0938	4.50	0.3548	0.00000000e+00	6.14757379e-01
7	12	0.0938	4.50	0.3871	0.00000000e+00	6.20188991e-01
7	13	0.0938	4.50	0.4194	0.00000000e+00	6.25684707e-01
7	14	0.0938	4.50	0.4516	0.00000000e+00	6.31245136e-01
7	15	0.0938	4.50	0.4839	0.00000000e+00	6.36870888e-01
7	16	0.0938	4.50	0.5161	1.16354217e-01	4.94270911e-01
7	17	0.0938	4.50	0.5484	1.13350551e-01	5.02566432e-01
7	18	0.0938	4.50	0.5806	1.10294243e-01	5.11121066e-01
7	19	0.0938	4.50	0.6129	1.07095402e-01	5.20078900e-01
7	20	0.0938	4.50	0.6452	1.03902563e-01	5.29057479e-01
7	21	0.0938	4.50	0.6774	1.00715883e-01	5.38204176e-01
7	22	0.0938	4.50	0.7097	9.75355164e-02	4.77095926e-01
7	23	0.0938	4.50	0.7419	9.43616183e-02	4.85735374e-01
7	24	0.0938	4.50	0.7742	9.11943413e-02	4.94542523e-01
7	25	0.0938	4.50	0.8065	8.81401964e-02	5.03323620e-01
7	26	0.0938	4.50	0.8387	8.53036553e-02	5.11872754e-01
7	27	0.0938	4.50	0.8710	8.24734271e-02	5.20575922e-01
7	28	0.0938	4.50	0.9032	7.96496420e-02	5.29435692e-01
7	29	0.0938	4.50	0.9355	7.68324289e-02	5.38454669e-01
7	30	0.0938	4.50	0.9677	7.40219155e-02	5.47635495e-01
7	31	0.0938	4.50	1.0000	0.00000000e+00	7.33418870e-01
8	0	0.1039	4.99	0.0000	0.00000000e+00	7.38185235e-01
8	1	0.1039	4.99	0.0323	1.93627167e-01	3.65619783e-01
8	2	0.1039	4.99	0.0645	1.89418424e-01	3.72653092e-01
8	3	0.1039	4.99	0.0968	1.85224828e-01	3.79832288e-01
8	4	0.1039	4.99	0.1290	1.81046508e-01	3.87160234e-01
8	5	0.1039	4.99	0.1613	1.76883590e-01	3.94639844e-01
8	6	0.1039	4.99	0.1935	1.73058310e-01	4.01832422e-01
8	7	0.1039	4.99	0.2258	1.69298733e-01	4.09092923e-01
8	8	0.1039	4.99	0.2581	1.65553534e-01	4.16401027e-01
8	9	0.1039	4.99	0.2903	1.61822823e-01	4.23784441e-01
8	10	0.1039	4.99	0.3226	1.58106713e-01	4.31305742e-01
8	11	0.1039	4.99	0.3548	1.54405313e-01	3.94690598e-01
8	12	0.1039	4.99	0.3871	1.50718734e-01	4.02131474e-01
8	13	0.1039	4.99	0.4194	1.47047082e-01	4.09719432e-01
8	14	0.1039	4.99	0.4516	1.43390467e-01	4.17457217e-01
8	15	0.1039	4.99	0.4839	1.39748994e-01	4.25347627e-01
8	16	0.1039	4.99	0.5161	8.75331704e-02	5.21418232e-01
8	17	0.1039	4.99	0.5484	8.46751378e-02	5.29920809e-01
8	18	0.1039	4.99	0.5806	8.18226824e-02	5.38575355e-01
8	19	0.1039	4.99	0.6129	1.04957899e-01	5.09579508e-01
8	20	0.1039	4.99	0.6452	1.01524442e-01	5.18457337e-01
8	21	0.1039	4.99	0.6774	9.80983012e-02	5.27369573e-01
8	22	0.1039	4.99	0.7097	9.46798358e-02	5.36446422e-01
8	23	0.1039	4.99	0.7419	9.12693907e-02	4.92745669e-01
8	24	0.1039	4.99	0.7742	8.78672985e-02	5.01759820e-01
8	25	0.1039	4.99	0.8065	8.44738794e-02	5.10948847e-01
8	26	0.1039	4.99	0.8387	8.12415446e-02	5.20096042e-01
8	27	0.1039	4.99	0.8710	7.81484455e-02	5.29223089e-01
8	28	0.1039	4.99	0.9032	7.50642531e-02	5.38517071e-01
8	29	0.1039	4.99	0.9355	0.00000000e+00	6.75050607e-01
8	30	0.1039	4.99	0.9677	0.00000000e+00	6.81043794e-01
8	31	0.1039	4.99	1.0000	0.00000000e+00	6.86774807e-01
9	0	0.1150	5.52	0.0000	0.00000000e+00	6.92377932e-01
9	1	0.1150	5.52	0.0323	0.00000000e+00	6.98032606e-01
9	2	0.1150	5.52	0.0645	0.00000000e+00	7.03739038e-01
9	3	0.1150	5.52	0.0968	0.00000000e+00	7.09497435e-01
9	4	0.1150	5.52	0.1290	0.00000000e+00	7.72160636e-01
9	5	0.1150	5.52	0.1613	0.00000000e+00	7.06085084e-01
9	6	0.1150	5.52	0.1935	0.00000000e+00	7.12343630e-01
9	7	0.1150	5.52	0.2258	0.00000000e+00	7.18660267e-01
9	8	0.1150	5.52	0.2581	0.00000000e+00	7.16567287e-01
9	9	0.1150	5.52	0.2903	0.00000000e+00	7.23654270e-01
9	10	0.1150	5.52	0.3226	0.00000000e+00	7.30637969e-01
9	11	0.1150	5.52	0.3548	0.00000000e+00	7.37461182e-01
9	12	0.1150	5.52	0.3871	0.00000000e+00	7.44253805e-01
9	13	0.1150	5.52	0.4194	0.00000000e+00	7.50996985e-01
9	14	0.1150	5.52	0.4516	0.00000000e+00	7.40191872e-01
9	15	0.1150	5.52	0.4839	0.00000000e+00	7.46518543e-01
9	16	0.1150	5.52	0.5161	0.00000000e+00	6.97581213e-01
9	17	0.1150	5.52	0.5484	0.00000000e+00	7.02828266e-01
9	18	0.1150	5.52	0.5806	0.00000000e+00	6.90240080e-01
9	19	0.1150	5.52	0.6129	0.00000000e+00	6.94327441e-01
9	20	0.1150	5.52	0.6452	0.00000000e+00	6.98456792e-01
9	21	0.1150	5.52	0.6774	0.00000000e+00	7.02628353e-01
9	22	0.1150	5.52	0.7097	0.00000000e+00	7.06102438e-01
9	23	0.1150	5.52	0.7419	0.00000000e+00	7.09010722e-01
9	24	0.1150	5.52	0.7742	0.00000000e+00	7.12711978e-01
9	25	0.1150	5.52	0.8065	0.00000000e+00	7.16456880e-01
9	26	0.1150	5.52	0.8387	0.00000000e+00	5.58711033e-01
9	27	0.1150	5.52	0.8710	0.00000000e+00	5.65465701e-01
9	28	0.1150	5.52	0.9032	0.00000000e+00	5.72049338e-01
9	29	0.1150	5.52	0.9355	0.00000000e+00	5.78707927e-01
9	30	0.1150	5.52	0.9677	0.00000000e+00	5.85461980e-01
9	31	0.1150	5.52	1.0000	0.00000000e+00	5.92312776e-01
10	0	0.1274	6.11	0.0000	0.00000000e+00	5.99260400e-01
10	1	0.1274	6.11	0.0323	0.00000000e+00	6.06411555e-01
10	2	0.1274	6.11	0.0645	0.00000000e+00	6.13801476e-01
10	3	0.1274	6.11	0.0968	0.00000000e+00	6.21292164e-01
10	4	0.1274	6.11	0.1290	0.00000000e+00	6.26107484e-01
10	5	0.1274	6.11	0.1613	0.00000000e+00	6.34192227e-01
10	6	0.1274	6.11	0.1935	0.00000000e+00	6.42396058e-01
10	7	0.1274	6.11	0.2258	0.00000000e+00	6.50503221e-01
10	8	0.1274	6.11	0.2581	0.00000000e+00	6.58731561e-01
10	9	0.1274	6.11	0.2903	0.00000000e+00	6.66826791e-01
10	10	0.1274	6.11	0.3226	0.00000000e+00	6.74925851e-01
10	11	0.1274	6.11	0.3548	0.00000000e+00	6.83140737e-01
10	12	0.1274	6.11	0.3871	0.00000000e+00	6.91473105e-01
10	13	0.1274	6.11	0.4194	0.00000000e+00	6.22719509e-01
10	14	0.1274	6.11	0.4516	0.00000000e+00	6.79372833e-01
10	15	0.1274	6.11	0.4839	0.00000000e+00	6.84758387e-01
10	16	0.1274	6.11	0.5161	7.41873962e-02	5.36472823e-01
10	17	0.1274	6.11	0.5484	7.13113695e-02	5.89132581e-01
10	18	0.1274	6.11	0.5806	6.84411402e-02	5.66247901e-01
10	19	0.1274	6.11	0.6129	6.55766372e-02	5.74901304e-01
10	20	0.1274	6.11	0.6452	6.27177895e-02	5.83704978e-01
10	21	0.1274	6.11	0.6774	0.00000000e+00	6.04618693e-01
10	22	0.1274	6.11	0.7097	0.00000000e+00	6.11122980e-01
10	23	0.1274	6.11	0.7419	0.00000000e+00	6.17541510e-01
10	24	0.1274	6.11	0.7742	0.00000000e+00	6.24042583e-01
10	25	0.1274	6.11	0.8065	0.00000000e+00	6.30627167e-01
10	26	0.1274	6.11	0.8387	0.00000000e+00	6.37296236e-01
10	27	0.1274	6.11	0.8710	0.00000000e+00	6.44050774e-01
10	28	0.1274	6.11	0.9032	0.00000000e+00	6.50891774e-01
10	29	0.1274	6.11	0.9355	0.00000000e+00	6.57820235e-01
10	30	0.1274	6.11	0.9677	0.00000000e+00	6.64730120e-01
10	31	0.1274	6.11	1.0000	0.00000000e+00	6.71652853e-01
11	0	0.1410	6.77	0.0000	0.00000000e+00	6.78661760e-01
11	1	0.1410	6.77	0.0323	0.00000000e+00	6.85757769e-01
11	2	0.1410	6.77	0.0645	0.00000000e+00	6.92941813e-01
11	3	0.1410	6.77	0.0968	0.00000000e+00	7.00214828e-01
11	4	0.1410	6.77	0.1290	0.00000000e+00	6.98995625e-01
11	5	0.1410	6.77	0.1613	0.00000000e+00	7.04536276e-01
11	6	0.1410	6.77	0.1935	0.00000000e+00	6.56802372e-01
11	7	0.1410	6.77	0.2258	0.00000000e+00	6.62313348e-01
11	8	0.1410	6.77	0.2581	0.00000000e+00	6.67879169e-01
11	9	0.1410	6.77	0.2903	0.00000000e+00	6.73500095e-01
11	10	0.1410	6.77	0.3226	0.00000000e+00	6.79176379e-01
11	11	0.1410	6.77	0.3548	8.96291989e-02	5.10664759e-01
11	12	0.1410	6.77	0.3871	8.51219601e-02	5.20177296e-01
11	13	0.1410	6.77	0.4194	8.08007150e-02	5.29630078e-01
11	14	0.1410	6.77	0.4516	7.66378853e-02	5.38998165e-01
11	15	0.1410	6.77	0.4839	0.00000000e+00	6.30942338e-01
11	16	0.1410	6.77	0.5161	1.28057716e-01	4.82094872e-01
11	17	0.1410	6.77	0.5484	1.25129626e-01	4.89252459e-01
11	18	0.1410	6.77	0.5806	1.22199085e-01	4.96547123e-01
11	19	0.1410	6.77	0.6129	1.19267131e-01	5.03979848e-01
11	20	0.1410	6.77	0.6452	1.16334750e-01	5.11523101e-01
11	21	0.1410	6.77	0.6774	1.13402878e-01	5.19033294e-01
11	22	0.1410	6.77	0.7097	1.10472407e-01	5.26677914e-01
11	23	0.1410	6.77	0.7419	1.07544179e-01	5.04363511e-01
11	24	0.1410	6.77	0.7742	1.04619000e-01	5.12115725e-01
11	25	0.1410	6.77	0.8065	1.01697630e-01	5.20006428e-01
11	26	0.1410	6.77	0.8387	9.88728617e-02	5.27859838e-01
11	27	0.1410	6.77	0.8710	9.62822156e-02	5.35400321e-01
11	28	0.1410	6.77	0.9032	9.36966981e-02	5.43062336e-01
11	29	0.1410	6.77	0.9355	9.11168618e-02	5.50846686e-01
11	30	0.1410	6.77	0.9677	8.85432296e-02	5.58754190e-01
11	31	0.1410	6.77	1.0000	8.59762955e-02	5.66785685e-01
12	0	0.1562	7.50	0.0000	0.00000000e+00	7.92147171e-01
12	1	0.1562	7.50	0.0323	0.00000000e+00	8.10945353e-01
12	2	0.1562	7.50	0.0645	7.19920657e-02	6.17631276e-01
12	3	0.1562	7.50	0.0968	6.89020106e-02	6.28375398e-01
12	4	0.1562	7.50	0.1290	6.58249313e-02	6.39313900e-01
12	5	0.1562	7.50	0.1613	6.27613952e-02	6.50448666e-01
12	6	0.1562	7.50	0.1935	5.97119310e-02	6.61781609e-01
12	7	0.1562	7.50	0.2258	5.66770297e-02	6.90321176e-01
12	8	0.1562	7.50	0.2581	5.36571444e-02	7.01906105e-01
12	9	0.1562	7.50	0.2903	5.06526919e-02	7.13681479e-01
12	10	0.1562	7.50	0.3226	4.78682765e-02	7.24853200e-01
12	11	0.1562	7.50	0.3548	1.29333788e-01	5.09332471e-01
12	12	0.1562	7.50	0.3871	1.26148360e-01	5.17503372e-01
12	13	0.1562	7.50	0.4194	1.22973956e-01	5.25815254e-01
12	14	0.1562	7.50	0.4516	1.19810676e-01	5.34270221e-01
12	15	0.1562	7.50	0.4839	0.00000000e+00	7.98633482e-01
12	16	0.1562	7.50	0.5161	0.00000000e+00	7.31072543e-01
12	17	0.1562	7.50	0.5484	0.00000000e+00	7.36733921e-01
12	18	0.1562	7.50	0.5806	0.00000000e+00	7.42469383e-01
12	19	0.1562	7.50	0.6129	0.00000000e+00	7.48156497e-01
12	20	0.1562	7.50	0.6452	0.00000000e+00	6.42503789e-01
12	21	0.1562	7.50	0.6774	0.00000000e+00	6.52713121e-01
12	22	0.1562	7.50	0.7097	0.00000000e+00	5.99750458e-01
12	23	0.1562	7.50	0.7419	0.00000000e+00	5.72006599e-01
12	24	0.1562	7.50	0.7742	0.00000000e+00	5.80932732e-01
12	25	0.1562	7.50	0.8065	0.00000000e+00	5.89879133e-01
12	26	0.1562	7.50	0.8387	0.00000000e+00	6.16171699e-01
12	27	0.1562	7.50	0.8710	0.00000000e+00	5.84565541e-01
12	28	0.1562	7.50	0.9032	0.00000000e+00	6.03502060e-01
12	29	0.1562	7.50	0.9355	0.00000000e+00	6.24865856e-01
12	30	0.1562	7.50	0.9677	0.00000000e+00	6.33417219e-01
12	31	0.1562	7.50	1.0000	0.00000000e+00	6.42139753e-01
13	0	0.1729	8.30	0.0000	0.00000000e+00	6.65538167e-01
13	1	0.1729	8.30	0.0323	0.00000000e+00	6.74159986e-01
13	2	0.1729	8.30	0.0645	0.00000000e+00	6.82765737e-01
13	3	0.1729	8.30	0.0968	0.00000000e+00	6.33234332e-01
13	4	0.1729	8.30	0.1290	0.00000000e+00	5.95562478e-01
13	5	0.1729	8.30	0.1613	0.00000000e+00	6.02205460e-01
13	6	0.1729	8.30	0.1935	0.00000000e+00	5.95613793e-01
13	7	0.1729	8.30	0.2258	0.00000000e+00	6.01851059e-01
13	8	0.1729	8.30	0.2581	0.00000000e+00	6.08194571e-01
13	9	0.1729	8.30	0.2903	0.00000000e+00	6.14645877e-01
13	10	0.1729	8.30	0.3226	0.00000000e+00	6.21066952e-01
13	11	0.1729	8.30	0.3548	0.00000000e+00	6.27575081e-01
13	12	0.1729	8.30	0.3871	0.00000000e+00	6.34182639e-01
13	13	0.1729	8.30	0.4194	0.00000000e+00	6.40900654e-01
13	14	0.1729	8.30	0.4516	0.00000000e+00	6.47730745e-01
13	15	0.1729	8.30	0.4839	0.00000000e+00	6.54674562e-01
13	16	0.1729	8.30	0.5161	0.00000000e+00	7.49366551e-01
13	17	0.1729	8.30	0.5484	0.00000000e+00	7.16599390e-01
13	18	0.1729	8.30	0.5806	0.00000000e+00	7.22034704e-01
13	19	0.1729	8.30	0.6129	0.00000000e+00	7.27532096e-01
13	20	0.1729	8.30	0.6452	0.00000000e+00	7.33074718e-01
13	21	0.1729	8.30	0.6774	0.00000000e+00	7.06647575e-01
13	22	0.1729	8.30	0.7097	0.00000000e+00	7.12222444e-01
13	23	0.1729	8.30	0.7419	0.00000000e+00	7.17861864e-01
13	24	0.1729	8.30	0.7742	0.00000000e+00	7.23567063e-01
13	25	0.1729	8.30	0.8065	0.00000000e+00	7.29323681e-01
13	26	0.1729	8.30	0.8387	0.00000000e+00	7.13012413e-01
13	27	0.1729	8.30	0.8710	0.00000000e+00	7.19881425e-01
13	28	0.1729	8.30	0.9032	0.00000000e+00	7.26484155e-01
13	29	0.1729	8.30	0.9355	0.00000000e+00	6.88716466e-01
13	30	0.1729	8.30	0.9677	0.00000000e+00	6.68092797e-01
13	31	0.1729	8.30	1.0000	0.00000000e+00	6.77999596e-01
14	0	0.1914	9.19	0.0000	0.00000000e+00	6.44063758e-01
14	1	0.1914	9.19	0.0323	0.00000000e+00	6.95829106e-01
14	2	0.1914	9.19	0.0645	0.00000000e+00	7.01423478e-01
14	3	0.1914	9.19	0.0968	0.00000000e+00	7.07096348e-01
14	4	0.1914	9.19	0.1290	0.00000000e+00	7.40381910e-01
14	5	0.1914	9.19	0.1613	0.00000000e+00	7.46720810e-01
14	6	0.1914	9.19	0.1935	0.00000000e+00	7.52190189e-01
14	7	0.1914	9.19	0.2258	0.00000000e+00	7.57828387e-01
14	8	0.1914	9.19	0.2581	0.00000000e+00	7.72389777e-01
14	9	0.1914	9.19	0.2903	0.00000000e+00	7.77734806e-01
14	10	0.1914	9.19	0.3226	0.00000000e+00	7.83167287e-01
14	11	0.1914	9.19	0.3548	0.00000000e+00	7.89186733e-01
14	12	0.1914	9.19	0.3871	0.00000000e+00	7.38304347e-01
14	13	0.1914	9.19	0.4194	0.00000000e+00	7.39344219e-01
14	14	0.1914	9.19	0.4516	0.00000000e+00	7.45089682e-01
14	15	0.1914	9.19	0.4839	0.00000000e+00	7.50666753e-01
14	16	0.1914	9.19	0.5161	9.34976611e-02	5.87377052e-01
14	17	0.1914	9.19	0.5484	9.13481139e-02	5.40809621e-01
14	18	0.1914	9.19	0.5806	8.91958211e-02	5.48105188e-01
14	19	0.1914	9.19	0.6129	8.70406111e-02	5.55487330e-01
14	20	0.1914	9.19	0.6452	8.58749900e-02	5.61420516e-01
14	21	0.1914	9.19	0.6774	8.48780036e-02	6.00754448e-01
14	22	0.1914	9.19	0.7097	8.36033812e-02	5.79758670e-01
14	23	0.1914	9.19	0.7419	8.21495977e-02	5.59713810e-01
14	24	0.1914	9.19	0.7742	0.00000000e+00	7.14485639e-01
14	25	0.1914	9.19	0.8065	0.00000000e+00	7.19697424e-01
14	26	0.1914	9.19	0.8387	0.00000000e+00	7.24886151e-01
14	27	0.1914	9.19	0.8710	8.45903016e-02	5.73929828e-01
14	28	0.1914	9.19	0.9032	7.85968958e-02	5.80493035e-01
14	29	0.1914	9.19	0.9355	7.28277706e-02	6.03352002e-01
14	30	0.1914	9.19	0.9677	6.72555056e-02	6.34550286e-01
14	31	0.1914	9.19	1.0000	6.18585278e-02	6.49890184e-01
15	0	0.2120	10.17	0.0000	0.00000000e+00	7.84834004e-01
15	1	0.2120	10.17	0.0323	0.00000000e+00	7.91655367e-01
15	2	0.2120	10.17	0.0645	0.00000000e+00	7.98573086e-01
15	3	0.2120	10.17	0.0968	0.00000000e+00	8.02564416e-01
15	4	0.2120	10.17	0.1290	3.81846250e-02	7.23853604e-01
15	5	0.2120	10.17	0.1613	3.37758982e-02	7.39951136e-01
15	6	0.2120	10.17	0.1935	2.98491104e-02	6.89948633e-01
15	7	0.2120	10.17	0.2258	1.15261039e-01	5.47690800e-01
15	8	0.2120	10.17	0.2581	1.11586965e-01	5.49243320e-01
15	9	0.2120	10.17	0.2903	1.27368420e-01	5.52656074e-01
15	10	0.2120	10.17	0.3226	9.61153505e-02	6.06041919e-01
15	11	0.2120	10.17	0.3548	9.42138783e-02	6.13891027e-01
15	12	0.2120	10.17	0.3871	9.22731554e-02	5.76016236e-01
15	13	0.2120	10.17	0.4194	9.02950595e-02	5.83586388e-01
15	14	0.2120	10.17	0.4516	8.82813064e-02	5.91351844e-01
15	15	0.2120	10.17	0.4839	8.62334741e-02	6.31324681e-01
15	16	0.2120	10.17	0.5161	0.00000000e+00	6.89896991e-01
15	17	0.2120	10.17	0.5484	0.00000000e+00	6.96779559e-01
15	18	0.2120	10.17	0.5806	0.00000000e+00	6.74440293e-01
15	19	0.2120	10.17	0.6129	0.00000000e+00	6.81467298e-01
15	20	0.2120	10.17	0.6452	0.00000000e+00	6.88585154e-01
15	21	0.2120	10.17	0.6774	0.00000000e+00	6.69509835e-01
15	22	0.2120	10.17	0.7097	0.00000000e+00	6.76727479e-01
15	23	0.2120	10.17	0.7419	0.00000000e+00	6.83921130e-01
15	24	0.2120	10.17	0.7742	0.00000000e+00	6.91050988e-01
15	25	0.2120	10.17	0.8065	9.17706312e-02	5.83786736e-01
15	26	0.2120	10.17	0.8387	1.04741559e-01	5.78303037e-01
15	27	0.2120	10.17	0.8710	8.25937882e-02	6.09897612e-01
15	28	0.2120	10.17	0.9032	8.03982183e-02	6.19941013e-01
15	29	0.2120	10.17	0.9355	7.82009622e-02	6.28461014e-01
15	30	0.2120	10.17	0.9677	0.00000000e+00	7.39500797e-01
15	31	0.2120	10.17	1.0000	0.00000000e+00	7.13468820e-01
16	0	0.2347	11.26	0.0000	0.00000000e+00	7.23248052e-01
16	1	0.2347	11.26	0.0323	0.00000000e+00	7.35189197e-01
16	2	0.2347	11.26	0.0645	0.00000000e+00	7.24727181e-01
16	3	0.2347	11.26	0.0968	0.00000000e+00	7.32122453e-01
16	4	0.2347	11.26	0.1290	0.00000000e+00	7.39723875e-01
16	5	0.2347	11.26	0.1613	0.00000000e+00	7.47074756e-01
16	6	0.2347	11.26	0.1935	0.00000000e+00	7.65084059e-01
16	7	0.2347	11.26	0.2258	0.00000000e+00	7.73320669e-01
16	8	0.2347	11.26	0.2581	0.00000000e+00	8.19537809e-01
16	9	0.2347	11.26	0.2903	0.00000000e+00	7.97642087e-01
16	10	0.2347	11.26	0.3226	0.00000000e+00	8.05867435e-01
16	11	0.2347	11.26	0.3548	0.00000000e+00	8.14079078e-01
16	12	0.2347	11.26	0.3871	0.00000000e+00	7.51819430e-01
16	13	0.2347	11.26	0.4194	0.00000000e+00	6.89301142e-01
16	14	0.2347	11.26	0.4516	0.00000000e+00	6.83955707e-01
16	15	0.2347	11.26	0.4839	0.00000000e+00	7.46057067e-01
16	16	0.2347	11.26	0.5161	1.05820900e-01	5.69921081e-01
16	17	0.2347	11.26	0.5484	1.03520104e-01	5.78042182e-01
16	18	0.2347	11.26	0.5806	1.01214569e-01	5.76075322e-01
16	19	0.2347	11.26	0.6129	9.89039282e-02	5.79387644e-01
16	20	0.2347	11.26	0.6452	9.68261662e-02	5.80018161e-01
16	21	0.2347	11.26	0.6774	9.61749013e-02	5.87425694e-01
16	22	0.2347	11.26	0.7097	9.54824808e-02	5.94994850e-01
16	23	0.2347	11.26	0.7419	9.25121165e-02	6.15331819e-01
16	24	0.2347	11.26	0.7742	8.76715696e-02	6.30343043e-01
16	25	0.2347	11.26	0.8065	6.69857480e-02	6.74979328e-01
16	26	0.2347	11.26	0.8387	6.03473118e-02	6.98373295e-01
16	27	0.2347	11.26	0.8710	5.39834615e-02	7.18161787e-01
16	28	0.2347	11.26	0.9032	4.78536775e-02	6.70068817e-01
16	29	0.2347	11.26	0.9355	4.22965178e-02	6.88429346e-01
16	30	0.2347	11.26	0.9677	0.00000000e+00	7.73022246e-01
16	31	0.2347	11.26	1.0000	0.00000000e+00	7.72539793e-01
17	0	0.2598	12.47	0.0000	0.00000000e+00	8.38675877e-01
17	1	0.2598	12.47	0.0323	2.78680542e-02	7.06386621e-01
17	2	0.2598	12.47	0.0645	2.29145862e-02	7.21816024e-01
17	3	0.2598	12.47	0.0968	1.14502046e-01	5.36329017e-01
17	4	0.2598	12.47	0.1290	1.30370425e-01	5.35535730e-01
17	5	0.2598	12.47	0.1613	7.71340312e-02	6.15647465e-01
17	6	0.2598	12.47	0.1935	1.12972562e-01	5.61947400e-01
17	7	0.2598	12.47	0.2258	1.11215962e-01	5.68803309e-01
17	8	0.2598	12.47	0.2581	1.09395204e-01	5.75772464e-01
17	9	0.2598	12.47	0.2903	1.07512324e-01	5.82882845e-01
17	10	0.2598	12.47	0.3226	1.05568607e-01	5.73129806e-01
17	11	0.2598	12.47	0.3548	1.03564566e-01	5.53440199e-01
17	12	0.2598	12.47	0.3871	1.01499912e-01	5.60659931e-01
17	13	0.2598	12.47	0.4194	9.93735237e-02	5.67801248e-01
17	14	0.2598	12.47	0.4516	9.71834496e-02	5.74841432e-01
17	15	0.2598	12.47	0.4839	9.49269796e-02	5.81961059e-01
17	16	0.2598	12.47	0.5161	0.00000000e+00	7.68805370e-01
17	17	0.2598	12.47	0.5484	0.00000000e+00	7.72513064e-01
17	18	0.2598	12.47	0.5806	0.00000000e+00	7.76301389e-01
17	19	0.2598	12.47	0.6129	0.00000000e+00	7.80145776e-01
17	20	0.2598	12.47	0.6452	0.00000000e+00	7.82606097e-01
17	21	0.2598	12.47	0.6774	0.00000000e+00	7.87428270e-01
17	22	0.2598	12.47	0.7097	1.55544830e-02	7.56435225e-01
17	23	0.2598	12.47	0.7419	0.00000000e+00	8.00813880e-01
17	24	0.2598	12.47	0.7742	9.37694417e-02	6.14421234e-01
17	25	0.2598	12.47	0.8065	9.05929311e-02	6.22621652e-01
17	26	0.2598	12.47	0.8387	1.03082600e-01	6.04515064e-01
17	27	0.2598	12.47	0.8710	1.09256310e-01	5.97192087e-01
17	28	0.2598	12.47	0.9032	8.79611124e-02	6.35850703e-01
17	29	0.2598	12.47	0.9355	8.58956076e-02	6.42474230e-01
17	30	0.2598	12.47	0.9677	8.38272747e-02	6.49136290e-01
17	31	0.2598	12.47	1.0000	0.00000000e+00	7.87955045e-01
18	0	0.2877	13.81	0.0000	0.00000000e+00	7.91530585e-01
18	1	0.2877	13.81	0.0323	0.00000000e+00	7.75086362e-01
18	2	0.2877	13.81	0.0645	0.00000000e+00	7.78829883e-01
18	3	0.2877	13.81	0.0968	0.00000000e+00	7.82647799e-01
18	4	0.2877	13.81	0.1290	7.04840632e-02	6.41584672e-01
18	5	0.2877	13.81	0.1613	6.93751306e-02	6.44537259e-01
18	6	0.2877	13.81	0.1935	6.82594702e-02	6.65481261e-01
18	7	0.2877	13.81	0.2258	6.71367016e-02	6.72535285e-01
18	8	0.2877	13.81	0.2581	6.60065340e-02	6.89315319e-01
18	9	0.2877	13.81	0.2903	6.48687660e-02	6.96403069e-01
18	10	0.2877	13.81	0.3226	6.37232862e-02	7.03611332e-01
18	11	0.2877	13.81	0.3548	6.25700746e-02	6.45597330e-01
18	12	0.2877	13.81	0.3871	6.14092062e-02	6.43473611e-01
18	13	0.2877	13.81	0.4194	6.02408568e-02	6.51569723e-01
18	14	0.2877	13.81	0.4516	0.00000000e+00	8.36383321e-01
18	15	0.2877	13.81	0.4839	0.00000000e+00	8.72968692e-01
18	16	0.2877	13.81	0.5161	0.00000000e+00	7.66292759e-01
18	17	0.2877	13.81	0.5484	0.00000000e+00	7.04312321e-01
18	18	0.2877	13.81	0.5806	0.00000000e+00	7.12006330e-01
18	19	0.2877	13.81	0.6129	0.00000000e+00	7.38338110e-01
18	20	0.2877	13.81	0.6452	0.00000000e+00	7.37187483e-01
18	21	0.2877	13.81	0.6774	0.00000000e+00	7.39282905e-01
18	22	0.2877	13.81	0.7097	0.00000000e+00	7.50728406e-01
18	23	0.2877	13.81	0.7419	0.00000000e+00	7.41427961e-01
18	24	0.2877	13.81	0.7742	0.00000000e+00	7.51323122e-01
18	25	0.2877	13.81	0.8065	0.00000000e+00	7.58930016e-01
18	26	0.2877	13.81	0.8387	0.00000000e+00	7.35986687e-01
18	27	0.2877	13.81	0.8710	0.00000000e+00	7.53074555e-01
18	28	0.2877	13.81	0.9032	0.00000000e+00	7.58936426e-01
18	29	0.2877	13.81	0.9355	0.00000000e+00	7.28670969e-01
18	30	0.2877	13.81	0.9677	0.00000000e+00	7.23138377e-01
18	31	0.2877	13.81	1.0000	0.00000000e+00	7.84084942e-01
19	0	0.3185	15.29	0.0000	0.00000000e+00	7.25670912e-01
19	1	0.3185	15.29	0.0323	0.00000000e+00	7.24669700e-01
19	2	0.3185	15.29	0.0645	0.00000000e+00	8.16027581e-01
19	3	0.3185	15.29	0.0968	0.00000000e+00	8.29434402e-01
19	4	0.3185	15.29	0.1290	0.00000000e+00	8.25394783e-01
19	5	0.3185	15.29	0.1613	0.00000000e+00	8.33956606e-01
19	6	0.3185	15.29	0.1935	0.00000000e+00	7.78062957e-01
19	7	0.3185	15.29	0.2258	0.00000000e+00	7.86018010e-01
19	8	0.3185	15.29	0.2581	0.00000000e+00	7.83904936e-01
19	9	0.3185	15.29	0.2903	0.00000000e+00	7.83658988e-01
19	10	0.3185	15.29	0.3226	0.00000000e+00	7.13648296e-01
19	11	0.3185	15.29	0.3548	0.00000000e+00	7.37592965e-01
19	12	0.3185	15.29	0.3871	0.00000000e+00	7.52834642e-01
19	13	0.3185	15.29	0.4194	0.00000000e+00	7.53374337e-01
19	14	0.3185	15.29	0.4516	0.00000000e+00	7.58044518e-01
19	15	0.3185	15.29	0.4839	0.00000000e+00	7.68014765e-01
19	16	0.3185	15.29	0.5161	3.92370260e-02	7.62186175e-01
19	17	0.3185	15.29	0.5484	3.85370816e-02	7.72109140e-01
19	18	0.3185	15.29	0.5806	3.78181496e-02	7.45313360e-01
19	19	0.3185	15.29	0.6129	0.00000000e+00	7.61392586e-01
19	20	0.3185	15.29	0.6452	0.00000000e+00	7.71596244e-01
19	21	0.3185	15.29	0.6774	0.00000000e+00	7.65043830e-01
19	22	0.3185	15.29	0.7097	0.00000000e+00	8.00229117e-01
19	23	0.3185	15.29	0.7419	0.00000000e+00	8.19982629e-01
19	24	0.3185	15.29	0.7742	0.00000000e+00	8.59026470e-01
19	25	0.3185	15.29	0.8065	0.00000000e+00	8.67290054e-01
19	26	0.3185	15.29	0.8387	0.00000000e+00	8.12956277e-01
19	27	0.3185	15.29	0.8710	0.00000000e+00	8.16942506e-01
19	28	0.3185	15.29	0.9032	0.00000000e+00	8.24002462e-01
19	29	0.3185	15.29	0.9355	0.00000000e+00	8.21514960e-01
19	30	0.3185	15.29	0.9677	0.00000000e+00	8.11149123e-01
19	31	0.3185	15.29	1.0000	0.00000000e+00	8.07376195e-01
20	0	0.3527	16.93	0.0000	0.00000000e+00	8.13939835e-01
20	1	0.3527	16.93	0.0323	1.29209355e-02	7.89415216e-01
20	2	0.3527	16.93	0.0645	1.02964619e-02	8.01383928e-01
20	3	0.3527	16.93	0.0968	8.54889802e-02	6.50867085e-01
20	4	0.3527	16.93	0.1290	9.84725564e-02	6.32657776e-01
20	5	0.3527	16.93	0.1613	9.45440425e-02	6.44575623e-01
20	6	0.3527	16.93	0.1935	8.26746349e-02	6.70840803e-01
20	7	0.3527	16.93	0.2258	5.16567551e-02	7.33388675e-01
20	8	0.3527	16.93	0.2581	5.00315072e-02	7.41955501e-01
20	9	0.3527	16.93	0.2903	4.84374425e-02	7.40262811e-01
20	10	0.3527	16.93	0.3226	4.68681262e-02	7.50723787e-01
20	11	0.3527	16.93	0.3548	4.53178678e-02	7.68349805e-01
20	12	0.3527	16.93	0.3871	0.00000000e+00	8.85835159e-01
20	13	0.3527	16.93	0.4194	0.00000000e+00	8.94289093e-01
20	14	0.3527	16.93	0.4516	0.00000000e+00	8.38181549e-01
20	15	0.3527	16.93	0.4839	0.00000000e+00	8.46193227e-01
20	16	0.3527	16.93	0.5161	0.00000000e+00	8.34167929e-01
20	17	0.3527	16.93	0.5484	0.00000000e+00	8.24830280e-01
20	18	0.3527	16.93	0.5806	0.00000000e+00	8.20607788e-01
20	19	0.3527	16.93	0.6129	0.00000000e+00	8.25422693e-01
20	20	0.3527	16.93	0.6452	0.00000000e+00	8.41737465e-01
20	21	0.3527	16.93	0.6774	1.46787258e-02	8.02620670e-01
20	22	0.3527	16.93	0.7097	7.58190297e-02	6.77745493e-01
20	23	0.3527	16.93	0.7419	8.62358014e-02	6.62627220e-01
20	24	0.3527	16.93	0.7742	9.64421901e-02	6.13098540e-01
20	25	0.3527	16.93	0.8065	0.00000000e+00	7.98273627e-01
20	26	0.3527	16.93	0.8387	0.00000000e+00	7.96227098e-01
20	27	0.3527	16.93	0.8710	0.00000000e+00	8.00901131e-01
20	28	0.3527	16.93	0.9032	0.00000000e+00	8.72092071e-01
20	29	0.3527	16.93	0.9355	0.00000000e+00	9.00672929e-01
20	30	0.3527	16.93	0.9677	0.00000000e+00	9.02143734e-01
20	31	0.3527	16.93	1.0000	0.00000000e+00	8.91777600e-01
21	0	0.3905	18.74	0.0000	0.00000000e+00	8.43736344e-01
21	1	0.3905	18.74	0.0323	0.00000000e+00	8.46785622e-01
21	2	0.3905	18.74	0.0645	0.00000000e+00	8.17482608e-01
21	3	0.3905	18.74	0.0968	0.00000000e+00	8.05158941e-01
21	4	0.3905	18.74	0.1290	0.00000000e+00	8.29582007e-01
21	5	0.3905	18.74	0.1613	0.00000000e+00	8.31713681e-01
21	6	0.3905	18.74	0.1935	1.18171442e-02	8.05091955e-01
21	7	0.3905	18.74	0.2258	9.64238130e-03	8.12619312e-01
21	8	0.3905	18.74	0.2581	6.75761434e-02	6.89429221e-01
21	9	0.3905	18.74	0.2903	6.47143224e-02	6.97171060e-01
21	10	0.3905	18.74	0.3226	7.57974075e-02	6.78036902e-01
21	11	0.3905	18.74	0.3548	7.01077402e-02	6.81748372e-01
21	12	0.3905	18.74	0.3871	7.55920001e-02	6.73399042e-01
21	13	0.3905	18.74	0.4194	5.18932235e-02	7.26697723e-01
21	14	0.3905	18.74	0.4516	4.98358988e-02	7.33168039e-01
21	15	0.3905	18.74	0.4839	4.78386087e-02	7.39855134e-01
21	16	0.3905	18.74	0.5161	0.00000000e+00	8.70965963e-01
21	17	0.3905	18.74	0.5484	0.00000000e+00	8.28817723e-01
21	18	0.3905	18.74	0.5806	0.00000000e+00	8.22836109e-01
21	19	0.3905	18.74	0.6129	0.00000000e+00	8.53104941e-01
21	20	0.3905	18.74	0.6452	3.02305946e-02	7.63537204e-01
21	21	0.3905	18.74	0.6774	2.91685384e-02	7.80091264e-01
21	22	0.3905	18.74	0.7097	0.00000000e+00	8.18223296e-01
21	23	0.3905	18.74	0.7419	0.00000000e+00	8.39987871e-01
21	24	0.3905	18.74	0.7742	0.00000000e+00	8.40141490e-01
21	25	0.3905	18.74	0.8065	0.00000000e+00	8.34396257e-01
21	26	0.3905	18.74	0.8387	0.00000000e+00	8.37680079e-01
21	27	0.3905	18.74	0.8710	0.00000000e+00	8.34367553e-01
21	28	0.3905	18.74	0.9032	0.00000000e+00	8.90365017e-01
21	29	0.3905	18.74	0.9355	0.00000000e+00	8.85543770e-01
21	30	0.3905	18.74	0.9677	0.00000000e+00	8.45506700e-01
21	31	0.3905	18.74	1.0000	0.00000000e+00	8.50789918e-01
22	0	0.4324	20.75	0.0000	0.00000000e+00	8.24812581e-01
22	1	0.4324	20.75	0.0323	0.00000000e+00	8.04684205e-01
22	2	0.4324	20.75	0.0645	0.00000000e+00	7.80296847e-01
22	3	0.4324	20.75	0.0968	6.35049013e-02	7.34180999e-01
22	4	0.4324	20.75	0.1290	7.27967582e-02	7.22402330e-01
22	5	0.4324	20.75	0.1613	0.00000000e+00	8.35030137e-01
22	6	0.4324	20.75	0.1935	0.00000000e+00	7.98129857e-01
22	7	0.4324	20.75	0.2258	0.00000000e+00	8.02082656e-01
22	8	0.4324	20.75	0.2581	0.00000000e+00	8.06293551e-01
22	9	0.4324	20.75	0.2903	0.00000000e+00	8.10760194e-01
22	10	0.4324	20.75	0.3226	0.00000000e+00	8.05085193e-01
22	11	0.4324	20.75	0.3548	0.00000000e+00	8.09685364e-01
22	12	0.4324	20.75	0.3871	0.00000000e+00	8.20533865e-01
22	13	0.4324	20.75	0.4194	0.00000000e+00	8.20749400e-01
22	14	0.4324	20.75	0.4516	0.00000000e+00	8.06863028e-01
22	15	0.4324	20.75	0.4839	0.00000000e+00	8.31100565e-01
22	16	0.4324	20.75	0.5161	0.00000000e+00	8.65284865e-01
22	17	0.4324	20.75	0.5484	0.00000000e+00	8.61270530e-01
22	18	0.4324	20.75	0.5806	3.51843521e-02	7.71507436e-01
22	19	0.4324	20.75	0.6129	3.43903129e-02	7.78692456e-01
22	20	0.4324	20.75	0.6452	3.35455188e-02	7.88005176e-01
22	21	0.4324	20.75	0.6774	3.26531109e-02	7.46090584e-01
22	22	0.4324	20.75	0.7097	3.17156945e-02	7.39427835e-01
22	23	0.4324	20.75	0.7419	3.07354714e-02	7.57986429e-01
22	24	0.4324	20.75	0.7742	2.97143537e-02	7.53327004e-01
22	25	0.4324	20.75	0.8065	2.86540779e-02	7.93694617e-01
22	26	0.4324	20.75	0.8387	0.00000000e+00	8.44649085e-01
22	27	0.4324	20.75	0.8710	0.00000000e+00	8.49559316e-01
22	28	0.4324	20.75	0.9032	0.00000000e+00	8.40127534e-01
22	29	0.4324	20.75	0.9355	0.00000000e+00	8.26714059e-01
22	30	0.4324	20.75	0.9677	0.00000000e+00	8.58452891e-01
22	31	0.4324	20.75	1.0000	0.00000000e+00	8.54901908e-01
23	0	0.4787	22.98	0.0000	0.00000000e+00	8.51982937e-01
23	1	0.4787	22.98	0.0323	5.56422059e-03	8.48547207e-01
23	2	0.4787	22.98	0.0645	5.79000982e-02	7.72214202e-01
23	3	0.4787	22.98	0.0968	4.68416850e-02	7.60456770e-01
23	4	0.4787	22.98	0.1290	5.68564569e-02	7.42726727e-01
23	5	0.4787	22.98	0.1613	2.99767800e-02	8.19772296e-01
23	6	0.4787	22.98	0.1935	2.89025510e-02	8.31179056e-01
23	7	0.4787	22.98	0.2258	2.77943746e-02	8.38182583e-01
23	8	0.4787	22.98	0.2581	0.00000000e+00	8.90925788e-01
23	9	0.4787	22.98	0.2903	0.00000000e+00	8.54410513e-01
23	10	0.4787	22.98	0.3226	0.00000000e+00	8.42520579e-01
23	11	0.4787	22.98	0.3548	0.00000000e+00	9.03163972e-01
23	12	0.4787	22.98	0.3871	0.00000000e+00	9.00210736e-01
23	13	0.4787	22.98	0.4194	0.00000000e+00	9.05728665e-01
23	14	0.4787	22.98	0.4516	2.50166140e-02	8.58521237e-01
23	15	0.4787	22.98	0.4839	2.41580207e-02	8.81851240e-01
23	16	0.4787	22.98	0.5161	0.00000000e+00	8.33066521e-01
23	17	0.4787	22.98	0.5484	0.00000000e+00	8.33995196e-01
23	18	0.4787	22.98	0.5806	0.00000000e+00	8.26688904e-01
23	19	0.4787	22.98	0.6129	0.00000000e+00	8.19211901e-01
23	20	0.4787	22.98	0.6452	4.71876873e-02	8.28229945e-01
23	21	0.4787	22.98	0.6774	0.00000000e+00	8.88330563e-01
23	22	0.4787	22.98	0.7097	0.00000000e+00	8.83969806e-01
23	23	0.4787	22.98	0.7419	4.34782504e-02	8.12259012e-01
23	24	0.4787	22.98	0.7742	6.12920721e-02	7.97559494e-01
23	25	0.4787	22.98	0.8065	0.00000000e+00	8.31925377e-01
23	26	0.4787	22.98	0.8387	0.00000000e+00	8.07761418e-01
23	27	0.4787	22.98	0.8710	0.00000000e+00	8.24775349e-01
23	28	0.4787	22.98	0.9032	0.00000000e+00	8.07276240e-01
23	29	0.4787	22.98	0.9355	0.00000000e+00	8.18837554e-01
23	30	0.4787	22.98	0.9677	0.00000000e+00	8.14693441e-01
23	31	0.4787	22.98	1.0000	0.00000000e+00	8.12310121e-01
24	0	0.5301	25.44	0.0000	0.00000000e+00	8.39645106e-01
24	1	0.5301	25.44	0.0323	0.00000000e+00	8.63950897e-01
24	2	0.5301	25.44	0.0645	0.00000000e+00	8.70795992e-01
24	3	0.5301	25.44	0.0968	0.00000000e+00	8.61654244e-01
24	4	0.5301	25.44	0.1290	0.00000000e+00	8.57810702e-01
24	5	0.5301	25.44	0.1613	0.00000000e+00	8.57164929e-01
24	6	0.5301	25.44	0.1935	0.00000000e+00	8.85712719e-01
24	7	0.5301	25.44	0.2258	0.00000000e+00	8.49033915e-01
24	8	0.5301	25.44	0.2581	0.00000000e+00	8.50070356e-01
24	9	0.5301	25.44	0.2903	0.00000000e+00	8.24031073e-01
24	10	0.5301	25.44	0.3226	3.53528217e-02	7.94359059e-01
24	11	0.5301	25.44	0.3548	4.04365207e-02	7.83584869e-01
24	12	0.5301	25.44	0.3871	5.07735113e-02	7.84050023e-01
24	13	0.5301	25.44	0.4194	4.46292260e-02	8.35102040e-01
24	14	0.5301	25.44	0.4516	0.00000000e+00	8.99386518e-01
24	15	0.5301	25.44	0.4839	0.00000000e+00	8.95751207e-01
24	16	0.5301	25.44	0.5161	3.82234293e-02	8.20128639e-01
24	17	0.5301	25.44	0.5484	5.11497404e-02	7.73160403e-01
24	18	0.5301	25.44	0.5806	4.92661587e-02	7.82972555e-01
24	19	0.5301	25.44	0.6129	4.74043658e-02	7.92412899e-01
24	20	0.5301	25.44	0.6452	4.53154613e-02	8.02209399e-01
24	21	0.5301	25.44	0.6774	4.12499636e-02	8.13097020e-01
24	22	0.5301	25.44	0.7097	3.71836821e-02	8.37733496e-01
24	23	0.5301	25.44	0.7419	3.31312303e-02	8.54661366e-01
24	24	0.5301	25.44	0.7742	3.94421900e-02	8.10337383e-01
24	25	0.5301	25.44	0.8065	3.53894470e-02	8.13939575e-01
24	26	0.5301	25.44	0.8387	3.13301945e-02	8.31576581e-01
24	27	0.5301	25.44	0.8710	2.72648342e-02	8.46669678e-01
24	28	0.5301	25.44	0.9032	2.77987249e-02	8.47211164e-01
24	29	0.5301	25.44	0.9355	2.35529948e-02	8.43085228e-01
24	30	0.5301	25.44	0.9677	2.21035177e-02	8.52247232e-01
24	31	0.5301	25.44	1.0000	1.77416277e-02	8.82505109e-01
25	0	0.5869	28.17	0.0000	0.00000000e+00	9.20475787e-01
25	1	0.5869	28.17	0.0323	3.94716225e-02	7.90629546e-01
25	2	0.5869	28.17	0.0645	3.48423002e-02	7.95826425e-01
25	3	0.5869	28.17	0.0968	4.14601131e-02	7.75401398e-01
25	4	0.5869	28.17	0.1290	4.69663627e-02	7.86486739e-01
25	5	0.5869	28.17	0.1613	4.48190224e-02	7.96998407e-01
25	6	0.5869	28.17	0.1935	4.91636438e-02	7.87900791e-01
25	7	0.5869	28.17	0.2258	5.24866271e-02	7.77074748e-01
25	8	0.5869	28.17	0.2581	4.18296132e-02	8.08358757e-01
25	9	0.5869	28.17	0.2903	4.41313698e-02	8.05340789e-01
25	10	0.5869	28.17	0.3226	2.36601451e-02	8.75458327e-01
25	11	0.5869	28.17	0.3548	2.05162087e-02	8.85195315e-01
25	12	0.5869	28.17	0.3871	1.78780597e-02	9.06674188e-01
25	13	0.5869	28.17	0.4194	0.00000000e+00	9.45750938e-01
25	14	0.5869	28.17	0.4516	0.00000000e+00	9.45287910e-01
25	15	0.5869	28.17	0.4839	5.59768556e-03	9.26353795e-01
25	16	0.5869	28.17	0.5161	0.00000000e+00	8.86510755e-01
25	17	0.5869	28.17	0.5484	0.00000000e+00	9.07529324e-01
25	18	0.5869	28.17	0.5806	0.00000000e+00	9.13107441e-01
25	19	0.5869	28.17	0.6129	0.00000000e+00	9.11667693e-01
25	20	0.5869	28.17	0.6452	0.00000000e+00	9.12587614e-01
25	21	0.5869	28.17	0.6774	0.00000000e+00	8.74721027e-01
25	22	0.5869	28.17	0.7097	0.00000000e+00	8.77456810e-01
25	23	0.5869	28.17	0.7419	0.00000000e+00	8.73738997e-01
25	24	0.5869	28.17	0.7742	0.00000000e+00	8.52042346e-01
25	25	0.5869	28.17	0.8065	0.00000000e+00	8.88579649e-01
25	26	0.5869	28.17	0.8387	0.00000000e+00	8.88816968e-01
25	27	0.5869	28.17	0.8710	3.26052493e-02	8.51472956e-01
25	28	0.5869	28.17	0.9032	4.51734365e-02	8.10495886e-01
25	29	0.5869	28.17	0.9355	0.00000000e+00	8.71373576e-01
25	30	0.5869	28.17	0.9677	0.00000000e+00	8.68201052e-01
25	31	0.5869	28.17	1.0000	0.00000000e+00	8.69816755e-01
26	0	0.6498	31.19	0.0000	0.00000000e+00	8.69768790e-01
26	1	0.6498	31.19	0.0323	0.00000000e+00	8.57935870e-01
26	2	0.6498	31.19	0.0645	0.00000000e+00	8.63527472e-01
26	3	0.6498	31.19	0.0968	0.00000000e+00	8.71196543e-01
26	4	0.6498	31.19	0.1290	0.00000000e+00	8.73024197e-01
26	5	0.6498	31.19	0.1613	0.00000000e+00	8.82155994e-01
26	6	0.6498	31.19	0.1935	0.00000000e+00	8.80376447e-01
26	7	0.6498	31.19	0.2258	0.00000000e+00	8.84142307e-01
26	8	0.6498	31.19	0.2581	0.00000000e+00	8.87755666e-01
26	9	0.6498	31.19	0.2903	0.00000000e+00	9.06419778e-01
26	10	0.6498	31.19	0.3226	0.00000000e+00	8.72798949e-01
26	11	0.6498	31.19	0.3548	0.00000000e+00	8.61458392e-01
26	12	0.6498	31.19	0.3871	0.00000000e+00	8.67126135e-01
26	13	0.6498	31.19	0.4194	3.54025874e-02	8.36503773e-01
26	14	0.6498	31.19	0.4516	3.21153132e-02	8.59211592e-01
26	15	0.6498	31.19	0.4839	0.00000000e+00	8.89528134e-01
26	16	0.6498	31.19	0.5161	0.00000000e+00	8.79332873e-01
26	17	0.6498	31.19	0.5484	0.00000000e+00	8.88524080e-01
26	18	0.6498	31.19	0.5806	4.30911738e-02	8.40389194e-01
26	19	0.6498	31.19	0.6129	0.00000000e+00	8.68330859e-01
26	20	0.6498	31.19	0.6452	0.00000000e+00	8.60225862e-01
26	21	0.6498	31.19	0.6774	0.00000000e+00	8.67647361e-01
26	22	0.6498	31.19	0.7097	0.00000000e+00	8.58720510e-01
26	23	0.6498	31.19	0.7419	0.00000000e+00	8.57752535e-01
26	24	0.6498	31.19	0.7742	0.00000000e+00	8.67785171e-01
26	25	0.6498	31.19	0.8065	0.00000000e+00	8.75523221e-01
26	26	0.6498	31.19	0.8387	0.00000000e+00	8.70689416e-01
26	27	0.6498	31.19	0.8710	0.00000000e+00	8.82055659e-01
26	28	0.6498	31.19	0.9032	0.00000000e+00	8.52954869e-01
26	29	0.6498	31.19	0.9355	0.00000000e+00	8.57725490e-01
26	30	0.6498	31.19	0.9677	0.00000000e+00	8.65792440e-01
26	31	0.6498	31.19	1.0000	2.49487584e-02	8.51471637e-01
27	0	0.7195	34.54	0.0000	3.29447402e-02	8.51041834e-01
27	1	0.7195	34.54	0.0323	3.06730731e-02	8.62417528e-01
27	2	0.7195	34.54	0.0645	0.00000000e+00	8.55828069e-01
27	3	0.7195	34.54	0.0968	0.00000000e+00	8.61405965e-01
27	4	0.7195	34.54	0.1290	0.00000000e+00	8.65906422e-01
27	5	0.7195	34.54	0.1613	0.00000000e+00	8.62656205e-01
27	6	0.7195	34.54	0.1935	0.00000000e+00	8.66895636e-01
27	7	0.7195	34.54	0.2258	0.00000000e+00	8.79570658e-01
27	8	0.7195	34.54	0.2581	0.00000000e+00	8.61060866e-01
27	9	0.7195	34.54	0.2903	0.00000000e+00	8.70231212e-01
27	10	0.7195	34.54	0.3226	0.00000000e+00	9.02101518e-01
27	11	0.7195	34.54	0.3548	0.00000000e+00	9.13884337e-01
27	12	0.7195	34.54	0.3871	0.00000000e+00	9.25518967e-01
27	13	0.7195	34.54	0.4194	0.00000000e+00	9.34384040e-01
27	14	0.7195	34.54	0.4516	0.00000000e+00	9.22809700e-01
27	15	0.7195	34.54	0.4839	0.00000000e+00	9.19525809e-01
27	16	0.7195	34.54	0.5161	1.39751824e-02	8.88738861e-01
27	17	0.7195	34.54	0.5484	1.40893184e-02	9.03261390e-01
27	18	0.7195	34.54	0.5806	0.00000000e+00	9.60184597e-01
27	19	0.7195	34.54	0.6129	0.00000000e+00	9.65001902e-01
27	20	0.7195	34.54	0.6452	0.00000000e+00	9.65797903e-01
27	21	0.7195	34.54	0.6774	3.15945785e-02	8.53304515e-01
27	22	0.7195	34.54	0.7097	1.99674753e-02	8.93792872e-01
27	23	0.7195	34.54	0.7419	2.87615327e-02	8.75321662e-01
27	24	0.7195	34.54	0.7742	2.81637158e-02	8.56388604e-01
27	25	0.7195	34.54	0.8065	2.20016161e-02	8.74855843e-01
27	26	0.7195	34.54	0.8387	2.20722498e-02	8.72817630e-01
27	27	0.7195	34.54	0.8710	2.68400726e-02	8.58420609e-01
27	28	0.7195	34.54	0.9032	2.17341687e-02	8.77512831e-01
27	29	0.7195	34.54	0.9355	2.07564448e-02	8.79210197e-01
27	30	0.7195	34.54	0.9677	1.65449104e-02	9.08019486e-01
27	31	0.7195	34.54	1.0000	1.37315457e-02	8.92028262e-01
28	0	0.7966	38.24	0.0000	0.00000000e+00	9.35984273e-01
28	1	0.7966	38.24	0.0323	2.56065119e-02	8.47529993e-01
28	2	0.7966	38.24	0.0645	2.68356491e-02	8.60987611e-01
28	3	0.7966	38.24	0.0968	3.36287329e-02	8.42972176e-01
28	4	0.7966	38.24	0.1290	3.19803500e-02	8.52730807e-01
28	5	0.7966	38.24	0.1613	3.70928761e-02	8.33831093e-01
28	6	0.7966	38.24	0.1935	1.58772441e-02	9.09866637e-01
28	7	0.7966	38.24	0.2258	1.38054683e-02	9.27210592e-01
28	8	0.7966	38.24	0.2581	0.00000000e+00	9.62503088e-01
28	9	0.7966	38.24	0.2903	2.54120115e-02	8.67576581e-01
28	10	0.7966	38.24	0.3226	2.59824573e-02	8.64771364e-01
28	11	0.7966	38.24	0.3548	2.61608099e-02	8.62767314e-01
28	12	0.7966	38.24	0.3871	3.51047002e-02	8.34711619e-01
28	13	0.7966	38.24	0.4194	3.42833355e-02	8.36024761e-01
28	14	0.7966	38.24	0.4516	3.21426239e-02	8.51070995e-01
28	15	0.7966	38.24	0.4839	3.00364637e-02	8.43240134e-01
28	16	0.7966	38.24	0.5161	0.00000000e+00	8.87355717e-01
28	17	0.7966	38.24	0.5484	0.00000000e+00	8.81335096e-01
28	18	0.7966	38.24	0.5806	0.00000000e+00	9.12726633e-01
28	19	0.7966	38.24	0.6129	2.96340940e-02	8.61181281e-01
28	20	0.7966	38.24	0.6452	2.07642379e-02	8.81587591e-01
28	21	0.7966	38.24	0.6774	2.87580135e-02	8.67098694e-01
28	22	0.7966	38.24	0.7097	2.63596454e-02	8.77400832e-01
28	23	0.7966	38.24	0.7419	2.39182667e-02	8.77624784e-01
28	24	0.7966	38.24	0.7742	0.00000000e+00	9.30130514e-01
28	25	0.7966	38.24	0.8065	0.00000000e+00	9.10080792e-01
28	26	0.7966	38.24	0.8387	0.00000000e+00	9.22194942e-01
28	27	0.7966	38.24	0.8710	0.00000000e+00	9.12972049e-01
28	28	0.7966	38.24	0.9032	0.00000000e+00	9.17171888e-01
28	29	0.7966	38.24	0.9355	0.00000000e+00	9.21007612e-01
28	30	0.7966	38.24	0.9677	0.00000000e+00	9.16504990e-01
28	31	0.7966	38.24	1.0000	0.00000000e+00	9.24489906e-01
29	0	0.8820	42.34	0.0000	0.00000000e+00	9.03057899e-01
29	1	0.8820	42.34	0.0323	0.00000000e+00	9.21388442e-01
29	2	0.8820	42.34	0.0645	2.57791330e-02	8.77240772e-01
29	3	0.8820	42.34	0.0968	2.71748574e-02	8.79831461e-01
29	4	0.8820	42.34	0.1290	0.00000000e+00	9.26022784e-01
29	5	0.8820	42.34	0.1613	0.00000000e+00	9.21536217e-01
29	6	0.8820	42.34	0.1935	0.00000000e+00	9.45387422e-01
29	7	0.8820	42.34	0.2258	0.00000000e+00	9.27408113e-01
29	8	0.8820	42.34	0.2581	0.00000000e+00	9.24720658e-01
29	9	0.8820	42.34	0.2903	0.00000000e+00	9.49961696e-01
29	10	0.8820	42.34	0.3226	0.00000000e+00	9.44815399e-01
29	11	0.8820	42.34	0.3548	0.00000000e+00	9.45343007e-01
29	12	0.8820	42.34	0.3871	0.00000000e+00	9.33227503e-01
29	13	0.8820	42.34	0.4194	0.00000000e+00	9.10337403e-01
29	14	0.8820	42.34	0.4516	0.00000000e+00	9.17103190e-01
29	15	0.8820	42.34	0.4839	2.27598304e-02	8.77822108e-01
29	16	0.8820	42.34	0.5161	2.20451667e-02	8.98041039e-01
29	17	0.8820	42.34	0.5484	2.29202912e-02	8.99000579e-01
29	18	0.8820	42.34	0.5806	2.34653074e-02	8.70057019e-01
29	19	0.8820	42.34	0.6129	2.36885980e-02	8.71258638e-01
29	20	0.8820	42.34	0.6452	2.35984433e-02	8.86456426e-01
29	21	0.8820	42.34	0.6774	2.32028794e-02	8.91770827e-01
29	22	0.8820	42.34	0.7097	3.26808586e-02	8.87938582e-01
29	23	0.8820	42.34	0.7419	3.25544037e-02	9.05776336e-01
29	24	0.8820	42.34	0.7742	0.00000000e+00	9.33339538e-01
29	25	0.8820	42.34	0.8065	2.96597921e-02	9.07987261e-01
29	26	0.8820	42.34	0.8387	3.03274653e-02	9.18713138e-01
29	27	0.8820	42.34	0.8710	3.06692011e-02	9.01416039e-01
29	28	0.8820	42.34	0.9032	3.06954687e-02	8.83119464e-01
29	29	0.8820	42.34	0.9355	3.04144001e-02	8.92804343e-01
29	30	0.8820	42.34	0.9677	3.08058976e-02	8.75702091e-01
29	31	0.8820	42.34	1.0000	3.02300709e-02	9.07782283e-01
30	0	0.9766	46.88	0.0000	0.00000000e+00	8.82696366e-01
30	1	0.9766	46.88	0.0323	0.00000000e+00	9.14155040e-01
30	2	0.9766	46.88	0.0645	0.00000000e+00	9.17292759e-01
30	3	0.9766	46.88	0.0968	0.00000000e+00	9.18867089e-01
30	4	0.9766	46.88	0.1290	0.00000000e+00	9.20592160e-01
30	5	0.9766	46.88	0.1613	2.05828823e-02	8.91204797e-01
30	6	0.9766	46.88	0.1935	2.84552321e-02	8.94443776e-01
30	7	0.9766	46.88	0.2258	2.20515948e-02	8.96291358e-01
30	8	0.9766	46.88	0.2581	2.58712455e-02	9.15575960e-01
30	9	0.9766	46.88	0.2903	2.15124297e-02	9.10877864e-01
30	10	0.9766	46.88	0.3226	2.35173393e-02	8.70034589e-01
30	11	0.9766	46.88	0.3548	1.90734957e-02	8.85844001e-01
30	12	0.9766	46.88	0.3871	0.00000000e+00	8.80857693e-01
30	13	0.9766	46.88	0.4194	0.00000000e+00	9.07372558e-01
30	14	0.9766	46.88	0.4516	0.00000000e+00	9.11773532e-01
30	15	0.9766	46.88	0.4839	0.00000000e+00	9.10580561e-01
30	16	0.9766	46.88	0.5161	2.37232202e-02	9.08890557e-01
30	17	0.9766	46.88	0.5484	1.93932970e-02	9.25966090e-01
30	18	0.9766	46.88	0.5806	0.00000000e+00	9.25742483e-01
30	19	0.9766	46.88	0.6129	0.00000000e+00	9.23129496e-01
30	20	0.9766	46.88	0.6452	0.00000000e+00	9.33823423e-01
30	21	0.9766	46.88	0.6774	0.00000000e+00	9.21706191e-01
30	22	0.9766	46.88	0.7097	0.00000000e+00	9.18777559e-01
30	23	0.9766	46.88	0.7419	0.00000000e+00	9.25381388e-01
30	24	0.9766	46.88	0.7742	2.69826661e-02	8.89634933e-01
30	25	0.9766	46.88	0.8065	2.06761527e-02	8.91712260e-01
30	26	0.9766	46.88	0.8387	1.91068952e-02	9.14068012e-01
30	27	0.9766	46.88	0.8710	2.41237044e-02	9.30232207e-01
30	28	0.9766	46.88	0.9032	2.04691762e-02	9.41533056e-01
30	29	0.9766	46.88	0.9355	0.00000000e+00	9.45640277e-01
30	30	0.9766	46.88	0.9677	0.00000000e+00	9.27622894e-01
30	31	0.9766	46.88	1.0000	0.00000000e+00	9.16534691e-01
31	0	1.0813	51.90	0.0000	2.91013154e-02	8.41881953e-01
31	1	1.0813	51.90	0.0323	1.38840223e-02	9.20598632e-01
31	2	1.0813	51.90	0.0645	1.43013943e-02	9.18328082e-01
31	3	1.0813	51.90	0.0968	1.93783232e-02	8.91225563e-01
31	4	1.0813	51.90	0.1290	3.36171432e-02	8.20052728e-01
31	5	1.0813	51.90	0.1613	1.27058942e-02	9.27043203e-01
31	6	1.0813	51.90	0.1935	1.29242194e-02	9.25844962e-01
31	7	1.0813	51.90	0.2258	1.99929364e-02	8.88008279e-01
31	8	1.0813	51.90	0.2581	1.36967895e-02	9.21619327e-01
31	9	1.0813	51.90	0.2903	1.41108260e-02	9.19363983e-01
31	10	1.0813	51.90	0.3226	1.90244877e-02	8.93083935e-01
31	11	1.0813	51.90	0.3548	3.31354931e-02	8.22349266e-01
31	12	1.0813	51.90	0.3871	1.62354091e-02	9.07891732e-01
31	13	1.0813	51.90	0.4194	1.72415091e-02	9.02517349e-01
31	14	1.0813	51.90	0.4516	1.84964842e-02	8.95865465e-01
31	15	1.0813	51.90	0.4839	2.00969029e-02	8.87465392e-01
31	16	1.0813	51.90	0.5161	2.22028179e-02	8.76551742e-01
31	17	1.0813	51.90	0.5484	2.48730438e-02	8.62937967e-01
31	18	1.0813	51.90	0.5806	7.17388664e-02	6.59881748e-01
31	19	1.0813	51.90	0.6129	3.25610724e-02	8.25097956e-01
31	20	1.0813	51.90	0.6452	3.82687314e-02	7.98254454e-01
31	21	1.0813	51.90	0.6774	7.03139616e-02	6.65170311e-01
31	22	1.0813	51.90	0.7097	5.58757625e-02	7.21644117e-01
31	23	1.0813	51.90	0.7419	1.14881206e-01	5.20748987e-01
31	24	1.0813	51.90	0.7742	1.05990358e-01	5.46376428e-01
31	25	1.0813	51.90	0.8065	1.05665817e-01	5.47339387e-01
31	26	1.0813	51.90	0.8387	1.04916863e-01	5.49569206e-01
31	27	1.0813	51.90	0.8710	1.86569963e-01	3.58294300e-01
31	28	1.0813	51.90	0.9032	2.00260615e-01	3.34461911e-01
31	29	1.0813	51.90	0.9355	2.12321240e-01	3.14987788e-01
31	30	1.0813	51.90	0.9677	2.20920198e-01	3.01909188e-01
31	31	1.0813	51.90	1.0000	2.23029496e-01	2.98798501e-01
